"","...1","family","father","mother","midparentHeight","children","childNum","sex","childHeight"
"1",1,"001",78.5,67,75.43,4,1,"male",73.2
"2",2,"001",78.5,67,75.43,4,2,"female",69.2
"3",3,"001",78.5,67,75.43,4,3,"female",69
"4",4,"001",78.5,67,75.43,4,4,"female",69
"5",5,"002",75.5,66.5,73.66,4,1,"male",73.5
"6",6,"002",75.5,66.5,73.66,4,2,"male",72.5
"7",7,"002",75.5,66.5,73.66,4,3,"female",65.5
"8",8,"002",75.5,66.5,73.66,4,4,"female",65.5
"9",9,"003",75,64,72.06,2,1,"male",71
"10",10,"003",75,64,72.06,2,2,"female",68
"11",11,"004",75,64,72.06,5,1,"male",70.5
"12",12,"004",75,64,72.06,5,2,"male",68.5
"13",13,"004",75,64,72.06,5,3,"female",67
"14",14,"004",75,64,72.06,5,4,"female",64.5
"15",15,"004",75,64,72.06,5,5,"female",63
"16",16,"005",75,58.5,69.09,6,1,"male",72
"17",17,"005",75,58.5,69.09,6,2,"male",69
"18",18,"005",75,58.5,69.09,6,3,"male",68
"19",19,"005",75,58.5,69.09,6,4,"female",66.5
"20",20,"005",75,58.5,69.09,6,5,"female",62.5
"21",21,"005",75,58.5,69.09,6,6,"female",62.5
"22",22,"006",74,68,73.72,1,1,"female",69.5
"23",23,"007",74,68,73.72,6,1,"male",76.5
"24",24,"007",74,68,73.72,6,2,"male",74
"25",25,"007",74,68,73.72,6,3,"male",73
"26",26,"007",74,68,73.72,6,4,"male",73
"27",27,"007",74,68,73.72,6,5,"female",70.5
"28",28,"007",74,68,73.72,6,6,"female",64
"29",29,"008",74,66.5,72.91,3,1,"female",70.5
"30",30,"008",74,66.5,72.91,3,2,"female",68
"31",31,"008",74,66.5,72.91,3,3,"female",66
"32",32,"009",74.5,66,72.89,1,1,"female",66
"33",33,"010",74,65.5,72.37,1,1,"female",65.5
"34",34,"011",74,62,70.48,8,1,"male",74
"35",35,"011",74,62,70.48,8,2,"male",70
"36",36,"011",74,62,70.48,8,3,"female",68
"37",37,"011",74,62,70.48,8,4,"female",67
"38",38,"011",74,62,70.48,8,5,"female",67
"39",39,"011",74,62,70.48,8,6,"female",66
"40",40,"011",74,62,70.48,8,7,"female",63.5
"41",41,"011",74,62,70.48,8,8,"female",63
"42",42,"012",74,61,69.94,1,1,"female",65
"43",43,"013",73,67,72.68,2,1,"male",71
"44",44,"013",73,67,72.68,2,2,"female",62
"45",45,"014",73,67,72.68,2,1,"male",68
"46",46,"014",73,67,72.68,2,2,"male",67
"47",47,"015",73,66.5,72.41,3,1,"male",71
"48",48,"015",73,66.5,72.41,3,2,"male",70.5
"49",49,"015",73,66.5,72.41,3,3,"female",66.7
"50",50,"016",73,65,71.6,9,1,"male",72
"51",51,"016",73,65,71.6,9,2,"male",70.5
"52",52,"016",73,65,71.6,9,3,"male",70.2
"53",53,"016",73,65,71.6,9,4,"male",70.2
"54",54,"016",73,65,71.6,9,5,"male",69.2
"55",55,"016",73,65,71.6,9,6,"female",68.7
"56",56,"016",73,65,71.6,9,7,"female",66.5
"57",57,"016",73,65,71.6,9,8,"female",64.5
"58",58,"016",73,65,71.6,9,9,"female",63.5
"59",59,"017",73,64.5,71.33,6,1,"male",74
"60",60,"017",73,64.5,71.33,6,2,"male",73
"61",61,"017",73,64.5,71.33,6,3,"male",71.5
"62",62,"017",73,64.5,71.33,6,4,"male",62.5
"63",63,"017",73,64.5,71.33,6,5,"female",66.5
"64",64,"017",73,64.5,71.33,6,6,"female",62.3
"65",65,"018",73,64,71.06,3,1,"female",66
"66",66,"018",73,64,71.06,3,2,"female",64.5
"67",67,"018",73,64,71.06,3,3,"female",64
"68",68,"019",73.2,63,70.62,1,1,"female",62.7
"69",69,"020",72.7,69,73.61,8,1,"male",73.2
"70",70,"020",72.7,69,73.61,8,2,"male",73
"71",71,"020",72.7,69,73.61,8,3,"male",72.7
"72",72,"020",72.7,69,73.61,8,4,"female",70
"73",73,"020",72.7,69,73.61,8,5,"female",69
"74",74,"020",72.7,69,73.61,8,6,"female",68.5
"75",75,"020",72.7,69,73.61,8,7,"female",68
"76",76,"020",72.7,69,73.61,8,8,"female",66
"77",77,"021",72,68,72.72,3,1,"male",73
"78",78,"021",72,68,72.72,3,2,"female",68.5
"79",79,"021",72,68,72.72,3,3,"female",68
"80",80,"022",72,67,72.18,3,1,"male",73
"81",81,"022",72,67,72.18,3,2,"male",71
"82",82,"022",72,67,72.18,3,3,"female",67
"83",83,"023",72,65,71.1,7,1,"male",74.2
"84",84,"023",72,65,71.1,7,2,"male",70.5
"85",85,"023",72,65,71.1,7,3,"male",69.5
"86",86,"023",72,65,71.1,7,4,"female",66
"87",87,"023",72,65,71.1,7,5,"female",65.5
"88",88,"023",72,65,71.1,7,6,"female",65
"89",89,"023",72,65,71.1,7,7,"female",65
"90",90,"024",72,65.5,71.37,1,1,"female",65.5
"91",91,"025",72,64,70.56,2,1,"female",66
"92",92,"025",72,64,70.56,2,2,"female",63
"93",93,"026",72,63,70.02,5,1,"male",70.5
"94",94,"026",72,63,70.02,5,2,"male",70.5
"95",95,"026",72,63,70.02,5,3,"male",69
"96",96,"026",72,63,70.02,5,4,"female",65
"97",97,"026",72,63,70.02,5,5,"female",63
"98",98,"027",72,63,70.02,3,1,"male",69
"99",99,"027",72,63,70.02,3,2,"male",67
"100",100,"027",72,63,70.02,3,3,"female",63
"101",101,"028",72,63,70.02,6,1,"male",73
"102",102,"028",72,63,70.02,6,2,"male",67
"103",103,"028",72,63,70.02,6,3,"female",70.5
"104",104,"028",72,63,70.02,6,4,"female",70
"105",105,"028",72,63,70.02,6,5,"female",66.5
"106",106,"028",72,63,70.02,6,6,"female",63
"107",107,"029",72.5,63.5,70.54,3,1,"female",67.5
"108",108,"029",72.5,63.5,70.54,3,2,"female",67.2
"109",109,"029",72.5,63.5,70.54,3,3,"female",66.7
"110",110,"030",72,62,69.48,1,1,"female",64
"111",111,"031",72.5,62,69.73,6,1,"male",71
"112",112,"031",72.5,62,69.73,6,2,"male",70
"113",113,"031",72.5,62,69.73,6,3,"male",70
"114",114,"031",72.5,62,69.73,6,4,"female",66
"115",115,"031",72.5,62,69.73,6,5,"female",65
"116",116,"031",72.5,62,69.73,6,6,"female",65
"117",117,"032",72,62,69.48,5,1,"male",74
"118",118,"032",72,62,69.48,5,2,"male",72
"119",119,"032",72,62,69.48,5,3,"male",69
"120",120,"032",72,62,69.48,5,4,"female",67.5
"121",121,"032",72,62,69.48,5,5,"female",63.5
"122",122,"033",72,62,69.48,5,1,"male",72
"123",123,"033",72,62,69.48,5,2,"male",71.5
"124",124,"033",72,62,69.48,5,3,"male",71.5
"125",125,"033",72,62,69.48,5,4,"male",70
"126",126,"033",72,62,69.48,5,5,"female",68
"127",127,"034",72,61,68.94,1,1,"female",65.7
"128",128,"035",71,69,72.76,5,1,"male",78
"129",129,"035",71,69,72.76,5,2,"male",74
"130",130,"035",71,69,72.76,5,3,"male",73
"131",131,"035",71,69,72.76,5,4,"male",72
"132",132,"035",71,69,72.76,5,5,"female",67
"133",133,"036",71,67,71.68,4,1,"male",73.2
"134",134,"036",71,67,71.68,4,2,"male",73
"135",135,"036",71,67,71.68,4,3,"male",69
"136",136,"036",71,67,71.68,4,4,"female",67
"137",137,"037",71,66,71.14,4,1,"male",70
"138",138,"037",71,66,71.14,4,2,"female",67
"139",139,"037",71,66,71.14,4,3,"female",67
"140",140,"037",71,66,71.14,4,4,"female",66.5
"141",141,"038",71,66,71.14,6,1,"male",70
"142",142,"038",71,66,71.14,6,2,"male",69
"143",143,"038",71,66,71.14,6,3,"male",68.5
"144",144,"038",71,66,71.14,6,4,"female",66
"145",145,"038",71,66,71.14,6,5,"female",64.5
"146",146,"038",71,66,71.14,6,6,"female",63
"147",147,"039",71,66,71.14,2,1,"male",71
"148",148,"039",71,66,71.14,2,2,"female",67
"149",149,"040",71,66,71.14,5,1,"male",76
"150",150,"040",71,66,71.14,5,2,"male",72
"151",151,"040",71,66,71.14,5,3,"male",71
"152",152,"040",71,66,71.14,5,4,"male",66
"153",153,"040",71,66,71.14,5,5,"female",66
"154",154,"041",71.7,65.5,71.22,1,1,"male",70.5
"155",155,"042",71,65.5,70.87,6,1,"male",72
"156",156,"042",71,65.5,70.87,6,2,"male",72
"157",157,"042",71,65.5,70.87,6,3,"male",71
"158",158,"042",71,65.5,70.87,6,4,"male",69
"159",159,"042",71,65.5,70.87,6,5,"female",66
"160",160,"042",71,65.5,70.87,6,6,"female",65
"161",161,"043",71.5,65.5,71.12,2,1,"male",73
"162",162,"043",71.5,65.5,71.12,2,2,"female",65.2
"163",163,"044",71.5,65,70.85,2,1,"male",68.5
"164",164,"044",71.5,65,70.85,2,2,"male",67.7
"165",165,"045",71,65,70.6,3,1,"male",68
"166",166,"045",71,65,70.6,3,2,"male",68
"167",167,"045",71,65,70.6,3,3,"female",62
"168",168,"046",71,64,70.06,8,1,"female",68
"169",169,"046",71,64,70.06,8,2,"female",68
"170",170,"046",71,64,70.06,8,3,"female",67.5
"171",171,"046",71,64,70.06,8,4,"female",66.5
"172",172,"046",71,64,70.06,8,5,"female",66.5
"173",173,"046",71,64,70.06,8,6,"female",66
"174",174,"046",71,64,70.06,8,7,"female",65.5
"175",175,"046",71,64,70.06,8,8,"female",65
"176",176,"047",71.7,64.5,70.68,4,1,"male",72
"177",177,"047",71.7,64.5,70.68,4,2,"male",71
"178",178,"047",71.7,64.5,70.68,4,3,"male",70.5
"179",179,"047",71.7,64.5,70.68,4,4,"female",67
"180",180,"048",71,64,70.06,3,1,"male",68
"181",181,"048",71,64,70.06,3,2,"male",68
"182",182,"048",71,64,70.06,3,3,"male",68
"183",183,"049",71.5,64.5,70.58,7,1,"male",72
"184",184,"049",71.5,64.5,70.58,7,2,"male",71
"185",185,"049",71.5,64.5,70.58,7,3,"male",70
"186",186,"049",71.5,64.5,70.58,7,4,"female",66
"187",187,"049",71.5,64.5,70.58,7,5,"female",64.5
"188",188,"049",71.5,64.5,70.58,7,6,"female",64.5
"189",189,"049",71.5,64.5,70.58,7,7,"female",62
"190",190,"050",71,64.5,70.33,2,1,"male",73
"191",191,"050",71,64.5,70.33,2,2,"female",62
"192",192,"051",71.2,63,69.62,2,1,"female",67.5
"193",193,"051",71.2,63,69.62,2,2,"female",64.5
"194",194,"052",71,63.5,69.79,5,1,"male",71
"195",195,"052",71,63.5,69.79,5,2,"male",67
"196",196,"052",71,63.5,69.79,5,3,"female",66
"197",197,"052",71,63.5,69.79,5,4,"female",65
"198",198,"052",71,63.5,69.79,5,5,"female",63.5
"199",199,"053",71,63,69.52,9,1,"male",71
"200",200,"053",71,63,69.52,9,2,"male",70
"201",201,"053",71,63,69.52,9,3,"male",70
"202",202,"053",71,63,69.52,9,4,"male",64
"203",203,"053",71,63,69.52,9,5,"female",65
"204",204,"053",71,63,69.52,9,6,"female",65
"205",205,"053",71,63,69.52,9,7,"female",64
"206",206,"053",71,63,69.52,9,8,"female",63
"207",207,"053",71,63,69.52,9,9,"female",63
"208",208,"054",71,63,69.52,4,1,"male",71
"209",209,"054",71,63,69.52,4,2,"male",71
"210",210,"054",71,63,69.52,4,3,"male",70
"211",211,"054",71,63,69.52,4,4,"female",63.5
"212",212,"055",71,62,68.98,5,1,"male",71
"213",213,"055",71,62,68.98,5,2,"male",70
"214",214,"055",71,62,68.98,5,3,"female",64.5
"215",215,"055",71,62,68.98,5,4,"female",62.5
"216",216,"055",71,62,68.98,5,5,"female",61.5
"217",217,"056",71,62,68.98,5,1,"male",72
"218",218,"056",71,62,68.98,5,2,"male",70.5
"219",219,"056",71,62,68.98,5,3,"male",70.5
"220",220,"056",71,62,68.98,5,4,"female",64.5
"221",221,"056",71,62,68.98,5,5,"female",60
"222",222,"057",71,62.5,69.25,5,1,"male",70
"223",223,"057",71,62.5,69.25,5,2,"female",64
"224",224,"057",71,62.5,69.25,5,3,"female",64
"225",225,"057",71,62.5,69.25,5,4,"female",64
"226",226,"057",71,62.5,69.25,5,5,"female",62.5
"227",227,"058",71,62,68.98,7,1,"male",70.5
"228",228,"058",71,62,68.98,7,2,"male",70
"229",229,"058",71,62,68.98,7,3,"male",69
"230",230,"058",71,62,68.98,7,4,"male",69
"231",231,"058",71,62,68.98,7,5,"male",66
"232",232,"058",71,62,68.98,7,6,"female",64.5
"233",233,"058",71,62,68.98,7,7,"female",64
"234",234,"059",71,61,68.44,1,1,"female",62
"235",235,"060",71,58,66.82,2,1,"male",71.5
"236",236,"060",71,58,66.82,2,2,"male",69
"237",237,"061",70,69,72.26,4,1,"male",71
"238",238,"061",70,69,72.26,4,2,"male",70
"239",239,"061",70,69,72.26,4,3,"male",69
"240",240,"061",70,69,72.26,4,4,"female",69
"241",241,"062",70,69,72.26,6,1,"male",70
"242",242,"062",70,69,72.26,6,2,"male",68.7
"243",243,"062",70,69,72.26,6,3,"female",68
"244",244,"062",70,69,72.26,6,4,"female",66
"245",245,"062",70,69,72.26,6,5,"female",64
"246",246,"062",70,69,72.26,6,6,"female",62
"247",247,"063",70,68,71.72,1,1,"male",75
"248",248,"064",70,67,71.18,5,1,"male",70
"249",249,"064",70,67,71.18,5,2,"male",69
"250",250,"064",70,67,71.18,5,3,"female",66
"251",251,"064",70,67,71.18,5,4,"female",64
"252",252,"064",70,67,71.18,5,5,"female",60
"253",253,"065",70,67,71.18,1,1,"female",67.5
"254",254,"066",70,66.5,70.91,11,1,"male",73
"255",255,"066",70,66.5,70.91,11,2,"male",72
"256",256,"066",70,66.5,70.91,11,3,"male",72
"257",257,"066",70,66.5,70.91,11,4,"male",66.5
"258",258,"066",70,66.5,70.91,11,5,"female",69.2
"259",259,"066",70,66.5,70.91,11,6,"female",67.2
"260",260,"066",70,66.5,70.91,11,7,"female",66.5
"261",261,"066",70,66.5,70.91,11,8,"female",66
"262",262,"066",70,66.5,70.91,11,9,"female",66
"263",263,"066",70,66.5,70.91,11,10,"female",64.2
"264",264,"066",70,66.5,70.91,11,11,"female",63.7
"265",265,"067",70.5,65,70.35,4,1,"male",72
"266",266,"067",70.5,65,70.35,4,2,"male",70.2
"267",267,"067",70.5,65,70.35,4,3,"male",69
"268",268,"067",70.5,65,70.35,4,4,"male",68.5
"269",269,"068",70.5,65,70.35,5,1,"female",68
"270",270,"068",70.5,65,70.35,5,2,"female",65
"271",271,"068",70.5,65,70.35,5,3,"female",61.5
"272",272,"068",70.5,65,70.35,5,4,"female",61
"273",273,"068",70.5,65,70.35,5,5,"female",61
"274",274,"069",70,65,70.1,8,1,"male",73
"275",275,"069",70,65,70.1,8,2,"male",72
"276",276,"069",70,65,70.1,8,3,"male",70.5
"277",277,"069",70,65,70.1,8,4,"male",65
"278",278,"069",70,65,70.1,8,5,"male",65
"279",279,"069",70,65,70.1,8,6,"female",64.5
"280",280,"069",70,65,70.1,8,7,"female",63
"281",281,"069",70,65,70.1,8,8,"female",62
"282",282,"070",70,65,70.1,5,1,"male",67
"283",283,"070",70,65,70.1,5,2,"male",65
"284",284,"070",70,65,70.1,5,3,"female",64.5
"285",285,"070",70,65,70.1,5,4,"female",62.5
"286",286,"070",70,65,70.1,5,5,"female",62.5
"287",287,"071",70,65,70.1,6,1,"male",70
"288",288,"071",70,65,70.1,6,2,"male",70
"289",289,"071",70,65,70.1,6,3,"female",67
"290",290,"071",70,65,70.1,6,4,"female",65
"291",291,"071",70,65,70.1,6,5,"female",65
"292",292,"071",70,65,70.1,6,6,"female",63
"293",293,"072",70,65,70.1,7,1,"male",79
"294",294,"072",70,65,70.1,7,2,"male",75
"295",295,"072",70,65,70.1,7,3,"male",71
"296",296,"072",70,65,70.1,7,4,"female",69
"297",297,"072",70,65,70.1,7,5,"female",67
"298",298,"072",70,65,70.1,7,6,"female",65.7
"299",299,"072",70,65,70.1,7,7,"female",62
"300",300,"073",70,65,70.1,3,1,"male",73
"301",301,"073",70,65,70.1,3,2,"male",72.5
"302",302,"073",70,65,70.1,3,3,"female",65
"303",303,"074",70,65,70.1,2,1,"male",69
"304",304,"074",70,65,70.1,2,2,"male",69
"305",305,"075",70,64.7,69.938,7,1,"male",72
"306",306,"075",70,64.7,69.938,7,2,"male",70
"307",307,"075",70,64.7,69.938,7,3,"male",68.7
"308",308,"075",70,64.7,69.938,7,4,"female",66.5
"309",309,"075",70,64.7,69.938,7,5,"female",65.5
"310",310,"075",70,64.7,69.938,7,6,"female",64.7
"311",311,"075",70,64.7,69.938,7,7,"female",64.5
"312",312,"076",70,64,69.56,7,1,"male",70.7
"313",313,"076",70,64,69.56,7,2,"male",70
"314",314,"076",70,64,69.56,7,3,"male",68
"315",315,"076",70,64,69.56,7,4,"male",67
"316",316,"076",70,64,69.56,7,5,"male",66
"317",317,"076",70,64,69.56,7,6,"male",65
"318",318,"076",70,64,69.56,7,7,"female",67
"319",319,"077",70,64,69.56,4,1,"male",70
"320",320,"077",70,64,69.56,4,2,"male",68
"321",321,"077",70,64,69.56,4,3,"male",66.7
"322",322,"077",70,64,69.56,4,4,"female",65.5
"323",323,"078",70,64.2,69.668,5,1,"male",72
"324",324,"078",70,64.2,69.668,5,2,"male",70
"325",325,"078",70,64.2,69.668,5,3,"female",62.5
"326",326,"078",70,64.2,69.668,5,4,"female",61.2
"327",327,"078",70,64.2,69.668,5,5,"female",60.1
"328",328,"079",70.5,64,69.81,8,1,"male",74
"329",329,"079",70.5,64,69.81,8,2,"male",69.5
"330",330,"079",70.5,64,69.81,8,3,"male",69
"331",331,"079",70.5,64,69.81,8,4,"male",68
"332",332,"079",70.5,64,69.81,8,5,"male",68
"333",333,"079",70.5,64,69.81,8,6,"male",68
"334",334,"079",70.5,64,69.81,8,7,"female",65.5
"335",335,"079",70.5,64,69.81,8,8,"female",65
"336",336,"080",70.5,64.5,70.08,1,1,"female",60
"337",337,"081",70,64,69.56,4,1,"male",68
"338",338,"081",70,64,69.56,4,2,"female",65
"339",339,"081",70,64,69.56,4,3,"female",64
"340",340,"081",70,64,69.56,4,4,"female",62
"341",341,"082",70,64,69.56,9,1,"male",71
"342",342,"082",70,64,69.56,9,2,"male",70
"343",343,"082",70,64,69.56,9,3,"male",70
"344",344,"082",70,64,69.56,9,4,"male",70
"345",345,"082",70,64,69.56,9,5,"male",69.5
"346",346,"082",70,64,69.56,9,6,"male",68.5
"347",347,"082",70,64,69.56,9,7,"female",69
"348",348,"082",70,64,69.56,9,8,"female",65
"349",349,"082",70,64,69.56,9,9,"female",64
"350",350,"083",70,63.7,69.398,8,1,"male",70
"351",351,"083",70,63.7,69.398,8,2,"male",67
"352",352,"083",70,63.7,69.398,8,3,"male",65.5
"353",353,"083",70,63.7,69.398,8,4,"female",63.7
"354",354,"083",70,63.7,69.398,8,5,"female",63.2
"355",355,"083",70,63.7,69.398,8,6,"female",62.5
"356",356,"083",70,63.7,69.398,8,7,"female",62.2
"357",357,"083",70,63.7,69.398,8,8,"female",61
"358",358,"084",70.5,63,69.27,4,1,"male",70
"359",359,"084",70.5,63,69.27,4,2,"male",68.5
"360",360,"084",70.5,63,69.27,4,3,"female",65.5
"361",361,"084",70.5,63,69.27,4,4,"female",63.5
"362",362,"085",70.5,63,69.27,5,1,"male",72.5
"363",363,"085",70.5,63,69.27,5,2,"male",69
"364",364,"085",70.5,63,69.27,5,3,"male",67
"365",365,"085",70.5,63,69.27,5,4,"female",64.5
"366",366,"085",70.5,63,69.27,5,5,"female",64
"367",367,"086",70,63.5,69.29,4,1,"male",71
"368",368,"086",70,63.5,69.29,4,2,"male",67.5
"369",369,"086",70,63.5,69.29,4,3,"female",67.5
"370",370,"086",70,63.5,69.29,4,4,"female",63.5
"371",371,"087",70,63,69.02,4,1,"male",68
"372",372,"087",70,63,69.02,4,2,"male",67
"373",373,"087",70,63,69.02,4,3,"female",63.7
"374",374,"087",70,63,69.02,4,4,"female",62
"375",375,"088",70,63,69.02,4,1,"male",70
"376",376,"088",70,63,69.02,4,2,"male",66.5
"377",377,"088",70,63,69.02,4,3,"female",62
"378",378,"088",70,63,69.02,4,4,"female",61
"379",379,"089",70.5,62,68.73,8,1,"male",72
"380",380,"089",70.5,62,68.73,8,2,"male",70
"381",381,"089",70.5,62,68.73,8,3,"male",69.5
"382",382,"089",70.5,62,68.73,8,4,"male",69.5
"383",383,"089",70.5,62,68.73,8,5,"male",68
"384",384,"089",70.5,62,68.73,8,6,"female",65
"385",385,"089",70.5,62,68.73,8,7,"female",64
"386",386,"089",70.5,62,68.73,8,8,"female",63
"387",387,"090",70.3,62.7,69.008,7,1,"male",70.7
"388",388,"090",70.3,62.7,69.008,7,2,"male",69.7
"389",389,"090",70.3,62.7,69.008,7,3,"male",69.2
"390",390,"090",70.3,62.7,69.008,7,4,"male",65.2
"391",391,"090",70.3,62.7,69.008,7,5,"female",64
"392",392,"090",70.3,62.7,69.008,7,6,"female",63.5
"393",393,"090",70.3,62.7,69.008,7,7,"female",63.2
"394",394,"091",70.5,62,68.73,3,1,"male",72
"395",395,"091",70.5,62,68.73,3,2,"male",72
"396",396,"091",70.5,62,68.73,3,3,"female",60
"397",397,"092",70,61,67.94,2,1,"male",71.2
"398",398,"092",70,61,67.94,2,2,"male",67
"399",399,"093",70,60,67.4,4,1,"male",67
"400",400,"093",70,60,67.4,4,2,"male",64.5
"401",401,"093",70,60,67.4,4,3,"female",65
"402",402,"093",70,60,67.4,4,4,"female",63
"403",403,"094",70,60,67.4,2,1,"female",65
"404",404,"094",70,60,67.4,2,2,"female",65
"405",405,"095",70,58.5,66.59,3,1,"male",71.5
"406",406,"095",70,58.5,66.59,3,2,"male",64.5
"407",407,"095",70,58.5,66.59,3,3,"female",63
"408",408,"096",70,58,66.32,5,1,"male",72
"409",409,"096",70,58,66.32,5,2,"male",66
"410",410,"096",70,58,66.32,5,3,"female",66
"411",411,"096",70,58,66.32,5,4,"female",65
"412",412,"096",70,58,66.32,5,5,"female",63
"413",413,"097",69,68.5,71.49,10,1,"male",75
"414",414,"097",69,68.5,71.49,10,2,"male",71
"415",415,"097",69,68.5,71.49,10,3,"male",70
"416",416,"097",69,68.5,71.49,10,4,"female",66
"417",417,"097",69,68.5,71.49,10,5,"female",66
"418",418,"097",69,68.5,71.49,10,6,"female",65.5
"419",419,"097",69,68.5,71.49,10,7,"female",65
"420",420,"097",69,68.5,71.49,10,8,"female",65
"421",421,"097",69,68.5,71.49,10,9,"female",64
"422",422,"097",69,68.5,71.49,10,10,"female",64
"423",423,"098",69,67,70.68,1,1,"female",64
"424",424,"099",69,66,70.14,8,1,"male",73
"425",425,"099",69,66,70.14,8,2,"male",72
"426",426,"099",69,66,70.14,8,3,"male",71.7
"427",427,"099",69,66,70.14,8,4,"male",71.5
"428",428,"099",69,66,70.14,8,5,"female",65.5
"429",429,"099",69,66,70.14,8,6,"female",65
"430",430,"099",69,66,70.14,8,7,"female",62.7
"431",431,"099",69,66,70.14,8,8,"female",62.5
"432",432,"100",69,66,70.14,3,1,"male",71.2
"433",433,"100",69,66,70.14,3,2,"male",71
"434",434,"100",69,66,70.14,3,3,"male",70
"435",435,"101",69,66.7,70.518,4,1,"male",75
"436",436,"101",69,66.7,70.518,4,2,"male",74
"437",437,"101",69,66.7,70.518,4,3,"male",72
"438",438,"101",69,66.7,70.518,4,4,"male",68.5
"439",439,"102",69,66,70.14,6,1,"male",70
"440",440,"102",69,66,70.14,6,2,"male",68.5
"441",441,"102",69,66,70.14,6,3,"male",68
"442",442,"102",69,66,70.14,6,4,"female",65
"443",443,"102",69,66,70.14,6,5,"female",63
"444",444,"102",69,66,70.14,6,6,"female",62.5
"445",445,"103",69,66.5,70.41,7,1,"male",73
"446",446,"103",69,66.5,70.41,7,2,"male",71
"447",447,"103",69,66.5,70.41,7,3,"male",70.5
"448",448,"103",69,66.5,70.41,7,4,"male",70.5
"449",449,"103",69,66.5,70.41,7,5,"male",67
"450",450,"103",69,66.5,70.41,7,6,"male",66
"451",451,"103",69,66.5,70.41,7,7,"female",61
"452",452,"104",69.5,66.5,70.66,4,1,"male",70.5
"453",453,"104",69.5,66.5,70.66,4,2,"male",67.5
"454",454,"104",69.5,66.5,70.66,4,3,"female",64.5
"455",455,"104",69.5,66.5,70.66,4,4,"female",64
"456",456,"105",69,66.5,70.41,6,1,"male",71
"457",457,"105",69,66.5,70.41,6,2,"female",68.5
"458",458,"105",69,66.5,70.41,6,3,"female",67.5
"459",459,"105",69,66.5,70.41,6,4,"female",66
"460",460,"105",69,66.5,70.41,6,5,"female",63
"461",461,"105",69,66.5,70.41,6,6,"female",63
"462",462,"106",69.5,66,70.39,7,1,"male",71
"463",463,"106",69.5,66,70.39,7,2,"male",71
"464",464,"106",69.5,66,70.39,7,3,"male",70.5
"465",465,"106",69.5,66,70.39,7,4,"male",70.5
"466",466,"106",69.5,66,70.39,7,5,"female",66.5
"467",467,"106",69.5,66,70.39,7,6,"female",65.5
"468",468,"106",69.5,66,70.39,7,7,"female",64.5
"469",469,"107",69,66,70.14,9,1,"male",73
"470",470,"107",69,66,70.14,9,2,"male",72
"471",471,"107",69,66,70.14,9,3,"male",69
"472",472,"107",69,66,70.14,9,4,"male",69
"473",473,"107",69,66,70.14,9,5,"female",66.5
"474",474,"107",69,66,70.14,9,6,"female",65.5
"475",475,"107",69,66,70.14,9,7,"female",65.5
"476",476,"107",69,66,70.14,9,8,"female",65
"477",477,"107",69,66,70.14,9,9,"female",64
"478",478,"108",69,65,69.6,7,1,"male",70
"479",479,"108",69,65,69.6,7,2,"male",68.5
"480",480,"108",69,65,69.6,7,3,"male",67
"481",481,"108",69,65,69.6,7,4,"female",65
"482",482,"108",69,65,69.6,7,5,"female",64
"483",483,"108",69,65,69.6,7,6,"female",63.5
"484",484,"108",69,65,69.6,7,7,"female",61
"485",485,"109",69.5,64.5,69.58,7,1,"male",69.7
"486",486,"109",69.5,64.5,69.58,7,2,"male",68
"487",487,"109",69.5,64.5,69.58,7,3,"male",60
"488",488,"109",69.5,64.5,69.58,7,4,"female",65.2
"489",489,"109",69.5,64.5,69.58,7,5,"female",64.5
"490",490,"109",69.5,64.5,69.58,7,6,"female",63.7
"491",491,"109",69.5,64.5,69.58,7,7,"female",60
"492",492,"110",69.2,64,69.16,4,1,"male",71.7
"493",493,"110",69.2,64,69.16,4,2,"male",66.5
"494",494,"110",69.2,64,69.16,4,3,"female",65
"495",495,"110",69.2,64,69.16,4,4,"female",63.5
"496",496,"111",69,63.5,68.79,1,1,"female",65.5
"497",497,"112",69,63,68.52,3,1,"male",69
"498",498,"112",69,63,68.52,3,2,"female",67.5
"499",499,"112",69,63,68.52,3,3,"female",63.5
"500",500,"113",69,63,68.52,1,1,"male",72
"501",501,"114",69,63,68.52,6,1,"male",73
"502",502,"114",69,63,68.52,6,2,"male",70
"503",503,"114",69,63,68.52,6,3,"male",70
"504",504,"114",69,63,68.52,6,4,"male",64
"505",505,"114",69,63,68.52,6,5,"female",66
"506",506,"114",69,63,68.52,6,6,"female",62
"507",507,"115",69,63.5,68.79,7,1,"male",70.5
"508",508,"115",69,63.5,68.79,7,2,"male",67
"509",509,"115",69,63.5,68.79,7,3,"male",66
"510",510,"115",69,63.5,68.79,7,4,"female",65
"511",511,"115",69,63.5,68.79,7,5,"female",63
"512",512,"115",69,63.5,68.79,7,6,"female",62
"513",513,"115",69,63.5,68.79,7,7,"female",61
"514",514,"116",69,63.5,68.79,3,1,"male",70.5
"515",515,"116",69,63.5,68.79,3,2,"female",63.7
"516",516,"116",69,63.5,68.79,3,3,"female",63
"517",517,"117",69.7,62,68.33,1,1,"female",62.5
"518",518,"118",69.5,62,68.23,3,1,"male",73
"519",519,"118",69.5,62,68.23,3,2,"male",72
"520",520,"118",69.5,62,68.23,3,3,"male",69
"521",521,"119",69,62,67.98,5,1,"male",73
"522",522,"119",69,62,67.98,5,2,"male",71
"523",523,"119",69,62,67.98,5,3,"male",71
"524",524,"119",69,62,67.98,5,4,"male",69
"525",525,"119",69,62,67.98,5,5,"female",63
"526",526,"120",69.5,62,68.23,11,1,"male",72
"527",527,"120",69.5,62,68.23,11,2,"male",70
"528",528,"120",69.5,62,68.23,11,3,"male",67.8
"529",529,"120",69.5,62,68.23,11,4,"female",65.2
"530",530,"120",69.5,62,68.23,11,5,"female",64.7
"531",531,"120",69.5,62,68.23,11,6,"female",64.5
"532",532,"120",69.5,62,68.23,11,7,"female",63.5
"533",533,"120",69.5,62,68.23,11,8,"female",63.5
"534",534,"120",69.5,62,68.23,11,9,"female",62.5
"535",535,"120",69.5,62,68.23,11,10,"female",62
"536",536,"120",69.5,62,68.23,11,11,"female",61.5
"537",537,"121",69,62.5,68.25,8,1,"male",71
"538",538,"121",69,62.5,68.25,8,2,"male",70
"539",539,"121",69,62.5,68.25,8,3,"male",70
"540",540,"121",69,62.5,68.25,8,4,"male",69
"541",541,"121",69,62.5,68.25,8,5,"female",63.5
"542",542,"121",69,62.5,68.25,8,6,"female",62.5
"543",543,"121",69,62.5,68.25,8,7,"female",62.5
"544",544,"121",69,62.5,68.25,8,8,"female",62
"545",545,"122",69,62,67.98,4,1,"male",72
"546",546,"122",69,62,67.98,4,2,"male",68
"547",547,"122",69,62,67.98,4,3,"female",66
"548",548,"122",69,62,67.98,4,4,"female",66
"549",549,"123",69.5,61,67.69,5,1,"male",70
"550",550,"123",69.5,61,67.69,5,2,"male",69.5
"551",551,"123",69.5,61,67.69,5,3,"male",69
"552",552,"123",69.5,61,67.69,5,4,"female",63
"553",553,"123",69.5,61,67.69,5,5,"female",62
"554",554,"124",69,61,67.44,9,1,"male",68
"555",555,"124",69,61,67.44,9,2,"male",68
"556",556,"124",69,61,67.44,9,3,"male",67.5
"557",557,"124",69,61,67.44,9,4,"male",64
"558",558,"124",69,61,67.44,9,5,"male",63
"559",559,"124",69,61,67.44,9,6,"male",63
"560",560,"124",69,61,67.44,9,7,"female",63.5
"561",561,"124",69,61,67.44,9,8,"female",62
"562",562,"124",69,61,67.44,9,9,"female",62
"563",563,"125",69,60,66.9,3,1,"male",70.5
"564",564,"125",69,60,66.9,3,2,"female",68
"565",565,"125",69,60,66.9,3,3,"female",62.5
"566",566,"126",69,60,66.9,4,1,"male",69
"567",567,"126",69,60,66.9,4,2,"male",66
"568",568,"126",69,60,66.9,4,3,"female",61.7
"569",569,"126",69,60,66.9,4,4,"female",60.5
"570",570,"127",69,60.5,67.17,1,1,"male",69.5
"571",571,"128",68.7,70.5,72.42,2,1,"male",71
"572",572,"128",68.7,70.5,72.42,2,2,"female",61.7
"573",573,"129",68.5,67,70.43,3,1,"male",73
"574",574,"129",68.5,67,70.43,3,2,"male",71
"575",575,"129",68.5,67,70.43,3,3,"female",67
"576",576,"130",68.5,66.5,70.16,11,1,"male",70
"577",577,"130",68.5,66.5,70.16,11,2,"male",69
"578",578,"130",68.5,66.5,70.16,11,3,"male",69
"579",579,"130",68.5,66.5,70.16,11,4,"male",68.7
"580",580,"130",68.5,66.5,70.16,11,5,"male",68.5
"581",581,"130",68.5,66.5,70.16,11,6,"male",68.5
"582",582,"130",68.5,66.5,70.16,11,7,"male",68
"583",583,"130",68.5,66.5,70.16,11,8,"male",68
"584",584,"130",68.5,66.5,70.16,11,9,"male",68
"585",585,"130",68.5,66.5,70.16,11,10,"male",66.2
"586",586,"130",68.5,66.5,70.16,11,11,"female",63.2
"587",587,"131",68,65,69.1,2,1,"male",67.5
"588",588,"131",68,65,69.1,2,2,"male",66
"589",589,"132",68,65.5,69.37,2,1,"male",66
"590",590,"132",68,65.5,69.37,2,2,"female",64
"591",591,"133",68,65.5,69.37,7,1,"male",71.7
"592",592,"133",68,65.5,69.37,7,2,"male",71.5
"593",593,"133",68,65.5,69.37,7,3,"male",70.7
"594",594,"133",68,65.5,69.37,7,4,"male",65.5
"595",595,"133",68,65.5,69.37,7,5,"female",66.5
"596",596,"133",68,65.5,69.37,7,6,"female",65.2
"597",597,"133",68,65.5,69.37,7,7,"female",61.5
"598",598,"134",68,65,69.1,4,1,"male",72
"599",599,"134",68,65,69.1,4,2,"male",72
"600",600,"134",68,65,69.1,4,3,"female",68
"601",601,"134",68,65,69.1,4,4,"female",66
"602",602,"135",68.5,65,69.35,8,1,"male",69.2
"603",603,"135",68.5,65,69.35,8,2,"male",68
"604",604,"135",68.5,65,69.35,8,3,"male",66
"605",605,"135",68.5,65,69.35,8,4,"male",66
"606",606,"135",68.5,65,69.35,8,5,"female",62
"607",607,"135",68.5,65,69.35,8,6,"female",61.5
"608",608,"135",68.5,65,69.35,8,7,"female",61
"609",609,"135",68.5,65,69.35,8,8,"female",60
"610",610,"136A",68.5,65,69.35,8,1,"male",72
"611",611,"136A",68.5,65,69.35,8,2,"male",70.5
"612",612,"136A",68.5,65,69.35,8,3,"male",68.7
"613",613,"136A",68.5,65,69.35,8,4,"male",68.5
"614",614,"136A",68.5,65,69.35,8,5,"male",67.7
"615",615,"136A",68.5,65,69.35,8,6,"female",64
"616",616,"136A",68.5,65,69.35,8,7,"female",63.5
"617",617,"136A",68.5,65,69.35,8,8,"female",63
"618",618,"136",68,64,68.56,10,1,"male",71
"619",619,"136",68,64,68.56,10,2,"male",68
"620",620,"136",68,64,68.56,10,3,"male",68
"621",621,"136",68,64,68.56,10,4,"male",67
"622",622,"136",68,64,68.56,10,5,"female",65
"623",623,"136",68,64,68.56,10,6,"female",64
"624",624,"136",68,64,68.56,10,7,"female",63
"625",625,"136",68,64,68.56,10,8,"female",63
"626",626,"136",68,64,68.56,10,9,"female",62
"627",627,"136",68,64,68.56,10,10,"female",61
"628",628,"137",68,64,68.56,4,1,"male",66
"629",629,"137",68,64,68.56,4,2,"male",63
"630",630,"137",68,64,68.56,4,3,"female",65.5
"631",631,"137",68,64,68.56,4,4,"female",62
"632",632,"138",68,64,68.56,5,1,"male",71.2
"633",633,"138",68,64,68.56,5,2,"male",71.2
"634",634,"138",68,64,68.56,5,3,"male",69
"635",635,"138",68,64,68.56,5,4,"male",68.5
"636",636,"138",68,64,68.56,5,5,"female",62.5
"637",637,"139",68,64.5,68.83,1,1,"female",62
"638",638,"140",68,64,68.56,10,1,"male",69
"639",639,"140",68,64,68.56,10,2,"male",67
"640",640,"140",68,64,68.56,10,3,"male",66
"641",641,"140",68,64,68.56,10,4,"female",66
"642",642,"140",68,64,68.56,10,5,"female",66
"643",643,"140",68,64,68.56,10,6,"female",65
"644",644,"140",68,64,68.56,10,7,"female",65
"645",645,"140",68,64,68.56,10,8,"female",65
"646",646,"140",68,64,68.56,10,9,"female",64
"647",647,"140",68,64,68.56,10,10,"female",63
"648",648,"141",68,63,68.02,8,1,"male",70.5
"649",649,"141",68,63,68.02,8,2,"male",70
"650",650,"141",68,63,68.02,8,3,"male",68
"651",651,"141",68,63,68.02,8,4,"male",66
"652",652,"141",68,63,68.02,8,5,"male",66
"653",653,"141",68,63,68.02,8,6,"female",66
"654",654,"141",68,63,68.02,8,7,"female",62
"655",655,"141",68,63,68.02,8,8,"female",61.5
"656",656,"142",68.5,63.5,68.54,4,1,"male",73.5
"657",657,"142",68.5,63.5,68.54,4,2,"male",70
"658",658,"142",68.5,63.5,68.54,4,3,"male",69.5
"659",659,"142",68.5,63.5,68.54,4,4,"female",65.5
"660",660,"143",68,63,68.02,1,1,"male",67
"661",661,"144",68,63,68.02,4,1,"male",70
"662",662,"144",68,63,68.02,4,2,"male",68
"663",663,"144",68,63,68.02,4,3,"female",64.5
"664",664,"144",68,63,68.02,4,4,"female",64
"665",665,"145",68,63,68.02,8,1,"male",71
"666",666,"145",68,63,68.02,8,2,"male",68
"667",667,"145",68,63,68.02,8,3,"male",66
"668",668,"145",68,63,68.02,8,4,"male",65.5
"669",669,"145",68,63,68.02,8,5,"male",65
"670",670,"145",68,63,68.02,8,6,"female",63
"671",671,"145",68,63,68.02,8,7,"female",62
"672",672,"145",68,63,68.02,8,8,"female",62
"673",673,"146",68,63,68.02,6,1,"male",67
"674",674,"146",68,63,68.02,6,2,"male",67
"675",675,"146",68,63,68.02,6,3,"male",66
"676",676,"146",68,63,68.02,6,4,"female",64
"677",677,"146",68,63,68.02,6,5,"female",63.5
"678",678,"146",68,63,68.02,6,6,"female",61
"679",679,"147",68.5,63.5,68.54,1,1,"male",68.2
"680",680,"148",68,63,68.02,1,1,"male",70
"681",681,"149",68.2,63.5,68.39,5,1,"male",70
"682",682,"149",68.2,63.5,68.39,5,2,"male",69
"683",683,"149",68.2,63.5,68.39,5,3,"male",67
"684",684,"149",68.2,63.5,68.39,5,4,"male",65.5
"685",685,"149",68.2,63.5,68.39,5,5,"female",64.5
"686",686,"150",68,62.5,67.75,1,1,"male",68.5
"687",687,"151",68.7,62,67.83,2,1,"male",67.7
"688",688,"151",68.7,62,67.83,2,2,"female",61.7
"689",689,"152",68,62.5,67.75,1,1,"male",66.5
"690",690,"153",68,61,66.94,5,1,"male",68.5
"691",691,"153",68,61,66.94,5,2,"male",68
"692",692,"153",68,61,66.94,5,3,"male",64
"693",693,"153",68,61,66.94,5,4,"female",63.5
"694",694,"153",68,61,66.94,5,5,"female",63
"695",695,"154",68,60.2,66.508,1,1,"male",66.7
"696",696,"155",68,60,66.4,7,1,"male",64
"697",697,"155",68,60,66.4,7,2,"female",61
"698",698,"155",68,60,66.4,7,3,"female",61
"699",699,"155",68,60,66.4,7,4,"female",60
"700",700,"155",68,60,66.4,7,5,"female",60
"701",701,"155",68,60,66.4,7,6,"female",60
"702",702,"155",68,60,66.4,7,7,"female",56
"703",703,"156",68,60,66.4,4,1,"male",67.5
"704",704,"156",68,60,66.4,4,2,"male",67
"705",705,"156",68,60,66.4,4,3,"male",66.5
"706",706,"156",68,60,66.4,4,4,"female",60
"707",707,"157",68.5,59,66.11,1,1,"male",69
"708",708,"158",68,59,65.86,10,1,"male",68
"709",709,"158",68,59,65.86,10,2,"male",65
"710",710,"158",68,59,65.86,10,3,"male",64.7
"711",711,"158",68,59,65.86,10,4,"male",64
"712",712,"158",68,59,65.86,10,5,"male",64
"713",713,"158",68,59,65.86,10,6,"male",63
"714",714,"158",68,59,65.86,10,7,"female",65
"715",715,"158",68,59,65.86,10,8,"female",65
"716",716,"158",68,59,65.86,10,9,"female",62
"717",717,"158",68,59,65.86,10,10,"female",61
"718",718,"159",67,66.2,69.248,5,1,"male",72.7
"719",719,"159",67,66.2,69.248,5,2,"male",72.7
"720",720,"159",67,66.2,69.248,5,3,"male",71.5
"721",721,"159",67,66.2,69.248,5,4,"female",65.5
"722",722,"159",67,66.2,69.248,5,5,"female",63.5
"723",723,"160",67,66.5,69.41,1,1,"male",71
"724",724,"161",67,66,69.14,8,1,"male",73
"725",725,"161",67,66,69.14,8,2,"male",71
"726",726,"161",67,66,69.14,8,3,"male",70.7
"727",727,"161",67,66,69.14,8,4,"male",70
"728",728,"161",67,66,69.14,8,5,"male",69
"729",729,"161",67,66,69.14,8,6,"female",68
"730",730,"161",67,66,69.14,8,7,"female",65.5
"731",731,"161",67,66,69.14,8,8,"female",62
"732",732,"162",67,65,68.6,6,1,"male",69.7
"733",733,"162",67,65,68.6,6,2,"male",67.5
"734",734,"162",67,65,68.6,6,3,"female",65.5
"735",735,"162",67,65,68.6,6,4,"female",65
"736",736,"162",67,65,68.6,6,5,"female",64.5
"737",737,"162",67,65,68.6,6,6,"female",63.5
"738",738,"163",67,65.5,68.87,5,1,"male",70
"739",739,"163",67,65.5,68.87,5,2,"male",69
"740",740,"163",67,65.5,68.87,5,3,"female",65.5
"741",741,"163",67,65.5,68.87,5,4,"female",65.5
"742",742,"163",67,65.5,68.87,5,5,"female",63
"743",743,"164",67,65.5,68.87,4,1,"male",70
"744",744,"164",67,65.5,68.87,4,2,"male",67.7
"745",745,"164",67,65.5,68.87,4,3,"female",63
"746",746,"164",67,65.5,68.87,4,4,"female",60
"747",747,"165",67,65,68.6,3,1,"male",65
"748",748,"165",67,65,68.6,3,2,"female",62
"749",749,"165",67,65,68.6,3,3,"female",62
"750",750,"166",67.5,65,68.85,11,1,"male",71
"751",751,"166",67.5,65,68.85,11,2,"male",69
"752",752,"166",67.5,65,68.85,11,3,"female",64
"753",753,"166",67.5,65,68.85,11,4,"female",64
"754",754,"166",67.5,65,68.85,11,5,"female",63
"755",755,"166",67.5,65,68.85,11,6,"female",63
"756",756,"166",67.5,65,68.85,11,7,"female",63
"757",757,"166",67.5,65,68.85,11,8,"female",63
"758",758,"166",67.5,65,68.85,11,9,"female",63
"759",759,"166",67.5,65,68.85,11,10,"female",62.5
"760",760,"166",67.5,65,68.85,11,11,"female",62
"761",761,"167",67,64,68.06,4,1,"male",71.5
"762",762,"167",67,64,68.06,4,2,"male",70
"763",763,"167",67,64,68.06,4,3,"male",67
"764",764,"167",67,64,68.06,4,4,"male",67
"765",765,"168",67,63.5,67.79,8,1,"male",71
"766",766,"168",67,63.5,67.79,8,2,"male",70.2
"767",767,"168",67,63.5,67.79,8,3,"male",69.2
"768",768,"168",67,63.5,67.79,8,4,"male",68.5
"769",769,"168",67,63.5,67.79,8,5,"male",68
"770",770,"168",67,63.5,67.79,8,6,"male",67
"771",771,"168",67,63.5,67.79,8,7,"male",65.5
"772",772,"168",67,63.5,67.79,8,8,"female",63.5
"773",773,"169",67,63,67.52,3,1,"male",69
"774",774,"169",67,63,67.52,3,2,"male",68
"775",775,"169",67,63,67.52,3,3,"female",63
"776",776,"170",67.5,62,67.23,5,1,"male",70
"777",777,"170",67.5,62,67.23,5,2,"male",69.5
"778",778,"170",67.5,62,67.23,5,3,"male",69
"779",779,"170",67.5,62,67.23,5,4,"male",68.5
"780",780,"170",67.5,62,67.23,5,5,"female",66
"781",781,"171",67,61,66.44,1,1,"male",67
"782",782,"172",66,67,69.18,8,1,"male",70.5
"783",783,"172",66,67,69.18,8,2,"male",70.5
"784",784,"172",66,67,69.18,8,3,"male",67
"785",785,"172",66,67,69.18,8,4,"male",66
"786",786,"172",66,67,69.18,8,5,"male",66
"787",787,"172",66,67,69.18,8,6,"female",62
"788",788,"172",66,67,69.18,8,7,"female",62
"789",789,"172",66,67,69.18,8,8,"female",61.5
"790",790,"173",66,67,69.18,9,1,"male",72
"791",791,"173",66,67,69.18,9,2,"male",65
"792",792,"173",66,67,69.18,9,3,"male",65
"793",793,"173",66,67,69.18,9,4,"female",67
"794",794,"173",66,67,69.18,9,5,"female",64
"795",795,"173",66,67,69.18,9,6,"female",64
"796",796,"173",66,67,69.18,9,7,"female",62
"797",797,"173",66,67,69.18,9,8,"female",60
"798",798,"173",66,67,69.18,9,9,"female",60
"799",799,"174",66,66,68.64,5,1,"male",66
"800",800,"174",66,66,68.64,5,2,"male",65
"801",801,"174",66,66,68.64,5,3,"female",67
"802",802,"174",66,66,68.64,5,4,"female",66.5
"803",803,"174",66,66,68.64,5,5,"female",65.5
"804",804,"175",66,66,68.64,6,1,"male",72
"805",805,"175",66,66,68.64,6,2,"male",68
"806",806,"175",66,66,68.64,6,3,"female",66
"807",807,"175",66,66,68.64,6,4,"female",65
"808",808,"175",66,66,68.64,6,5,"female",62
"809",809,"175",66,66,68.64,6,6,"female",61
"810",810,"176",66.5,65,68.35,8,1,"male",68.7
"811",811,"176",66.5,65,68.35,8,2,"male",68.5
"812",812,"176",66.5,65,68.35,8,3,"male",66.5
"813",813,"176",66.5,65,68.35,8,4,"male",64.5
"814",814,"176",66.5,65,68.35,8,5,"female",62.5
"815",815,"176",66.5,65,68.35,8,6,"female",60.5
"816",816,"176",66.5,65,68.35,8,7,"female",60.5
"817",817,"176",66.5,65,68.35,8,8,"female",57.5
"818",818,"177",66,65.5,68.37,5,1,"male",72
"819",819,"177",66,65.5,68.37,5,2,"male",71
"820",820,"177",66,65.5,68.37,5,3,"male",67
"821",821,"177",66,65.5,68.37,5,4,"female",66
"822",822,"177",66,65.5,68.37,5,5,"female",65
"823",823,"178",66,63,67.02,1,1,"male",70
"824",824,"179",66,63.5,67.29,2,1,"female",64.5
"825",825,"179",66,63.5,67.29,2,2,"female",62
"826",826,"180",66.5,63,67.27,6,1,"male",67.2
"827",827,"180",66.5,63,67.27,6,2,"male",67
"828",828,"180",66.5,63,67.27,6,3,"male",65
"829",829,"180",66.5,63,67.27,6,4,"female",65
"830",830,"180",66.5,63,67.27,6,5,"female",65
"831",831,"180",66.5,63,67.27,6,6,"female",63
"832",832,"181",66.5,62.5,67,7,1,"male",70
"833",833,"181",66.5,62.5,67,7,2,"male",68
"834",834,"181",66.5,62.5,67,7,3,"female",63.5
"835",835,"181",66.5,62.5,67,7,4,"female",62.5
"836",836,"181",66.5,62.5,67,7,5,"female",62.5
"837",837,"181",66.5,62.5,67,7,6,"female",62.5
"838",838,"181",66.5,62.5,67,7,7,"female",62.5
"839",839,"182",66,61.5,66.21,1,1,"male",70
"840",840,"183",66,60,65.4,4,1,"male",68
"841",841,"183",66,60,65.4,4,2,"male",67
"842",842,"183",66,60,65.4,4,3,"male",65
"843",843,"183",66,60,65.4,4,4,"female",60
"844",844,"184",66,60,65.4,1,1,"male",65
"845",845,"185",66,59,64.86,15,1,"male",68
"846",846,"185",66,59,64.86,15,2,"male",67
"847",847,"185",66,59,64.86,15,3,"male",66.5
"848",848,"185",66,59,64.86,15,4,"male",66
"849",849,"185",66,59,64.86,15,5,"male",65.7
"850",850,"185",66,59,64.86,15,6,"male",65.5
"851",851,"185",66,59,64.86,15,7,"male",65
"852",852,"185",66,59,64.86,15,8,"female",65
"853",853,"185",66,59,64.86,15,9,"female",64
"854",854,"185",66,59,64.86,15,10,"female",63
"855",855,"185",66,59,64.86,15,11,"female",62
"856",856,"185",66,59,64.86,15,12,"female",61
"857",857,"185",66,59,64.86,15,13,"female",60
"858",858,"185",66,59,64.86,15,14,"female",58
"859",859,"185",66,59,64.86,15,15,"female",57
"860",860,"186",65,67,68.68,4,1,"male",66.5
"861",861,"186",65,67,68.68,4,2,"male",66
"862",862,"186",65,67,68.68,4,3,"male",66
"863",863,"186",65,67,68.68,4,4,"female",65
"864",864,"187",65,67,68.68,1,1,"female",63
"865",865,"188",65,66,68.14,4,1,"male",63
"866",866,"188",65,66,68.14,4,2,"female",63
"867",867,"188",65,66,68.14,4,3,"female",63
"868",868,"188",65,66,68.14,4,4,"female",60
"869",869,"189",65,66,68.14,5,1,"male",67
"870",870,"189",65,66,68.14,5,2,"male",66
"871",871,"189",65,66,68.14,5,3,"male",65
"872",872,"189",65,66,68.14,5,4,"female",65
"873",873,"189",65,66,68.14,5,5,"female",61
"874",874,"190",65,65,67.6,9,1,"male",69
"875",875,"190",65,65,67.6,9,2,"male",68
"876",876,"190",65,65,67.6,9,3,"male",68
"877",877,"190",65,65,67.6,9,4,"female",65
"878",878,"190",65,65,67.6,9,5,"female",65
"879",879,"190",65,65,67.6,9,6,"female",62
"880",880,"190",65,65,67.6,9,7,"female",62
"881",881,"190",65,65,67.6,9,8,"female",61
"882",882,"190",65,65,67.6,9,9,"female",59
"883",883,"191",65,65.5,67.87,2,1,"male",70.7
"884",884,"191",65,65.5,67.87,2,2,"female",65.5
"885",885,"192",65,65,67.6,6,1,"male",69.2
"886",886,"192",65,65,67.6,6,2,"male",69
"887",887,"192",65,65,67.6,6,3,"male",68
"888",888,"192",65,65,67.6,6,4,"male",67.7
"889",889,"192",65,65,67.6,6,5,"female",64.5
"890",890,"192",65,65,67.6,6,6,"female",60.5
"891",891,"193",65,64,67.06,6,1,"male",67
"892",892,"193",65,64,67.06,6,2,"male",67
"893",893,"193",65,64,67.06,6,3,"female",64
"894",894,"193",65,64,67.06,6,4,"female",64
"895",895,"193",65,64,67.06,6,5,"female",62.5
"896",896,"193",65,64,67.06,6,6,"female",60.5
"897",897,"194",65,63,66.52,2,1,"male",70
"898",898,"194",65,63,66.52,2,2,"female",63
"899",899,"195",65,63,66.52,3,1,"male",66
"900",900,"195",65,63,66.52,3,2,"male",66
"901",901,"195",65,63,66.52,3,3,"female",63
"902",902,"196",65.5,63,66.77,4,1,"male",71
"903",903,"196",65.5,63,66.77,4,2,"male",71
"904",904,"196",65.5,63,66.77,4,3,"male",69
"905",905,"196",65.5,63,66.77,4,4,"female",63.5
"906",906,"197",65.5,60,65.15,5,1,"male",68
"907",907,"197",65.5,60,65.15,5,2,"male",68
"908",908,"197",65.5,60,65.15,5,3,"male",67
"909",909,"197",65.5,60,65.15,5,4,"male",67
"910",910,"197",65.5,60,65.15,5,5,"female",62
"911",911,"198",64,64,66.56,7,1,"male",71.5
"912",912,"198",64,64,66.56,7,2,"male",68
"913",913,"198",64,64,66.56,7,3,"female",65.5
"914",914,"198",64,64,66.56,7,4,"female",64
"915",915,"198",64,64,66.56,7,5,"female",62
"916",916,"198",64,64,66.56,7,6,"female",62
"917",917,"198",64,64,66.56,7,7,"female",61
"918",918,"199",64,64,66.56,7,1,"male",70.5
"919",919,"199",64,64,66.56,7,2,"male",68
"920",920,"199",64,64,66.56,7,3,"female",67
"921",921,"199",64,64,66.56,7,4,"female",65
"922",922,"199",64,64,66.56,7,5,"female",64
"923",923,"199",64,64,66.56,7,6,"female",64
"924",924,"199",64,64,66.56,7,7,"female",60
"925",925,"200",64,63,66.02,1,1,"male",64.5
"926",926,"201",64,60,64.4,2,1,"male",66
"927",927,"201",64,60,64.4,2,2,"female",60
"928",928,"202",63,63.5,65.79,2,1,"female",68.5
"929",929,"202",63,63.5,65.79,2,2,"female",63.5
"930",930,"203",62,66,66.64,3,1,"male",64
"931",931,"203",62,66,66.64,3,2,"female",62
"932",932,"203",62,66,66.64,3,3,"female",61
"933",933,"204",62.5,63,65.27,2,1,"male",66.5
"934",934,"204",62.5,63,65.27,2,2,"female",57
